Datetime,OFFENSE INVOLVING CHILDREN,NARCOTICS,THEFT,BATTERY,CRIMINAL DAMAGE,SEX OFFENSE,CRIM SEXUAL ASSAULT,OTHER OFFENSE,ASSAULT,DECEPTIVE PRACTICE,BURGLARY,MOTOR VEHICLE THEFT,WEAPONS VIOLATION,ROBBERY,CRIMINAL TRESPASS,LIQUOR LAW VIOLATION,PUBLIC PEACE VIOLATION,PROSTITUTION,INTERFERENCE WITH PUBLIC OFFICER,ARSON,CRIMINAL SEXUAL ASSAULT,GAMBLING,STALKING,HOMICIDE,KIDNAPPING,INTIMIDATION,OBSCENITY,OTHER NARCOTIC VIOLATION,PUBLIC INDECENCY,NON-CRIMINAL,HUMAN TRAFFICKING
2010-01-01,124,85,334,273,94,37,54,104,40,101,47,47,37,34,21,2.0,9,7,3,2,6.0,1.0,1,,,,,,,,
2010-01-02,4,115,183,113,68,2,4,66,46,27,46,36,12,41,13,1.0,2,4,3,3,0.0,1.0,1,2.0,,,,,,,
2010-01-03,7,86,148,136,80,1,3,62,44,24,45,39,7,29,30,2.0,6,5,2,0,0.0,0.0,0,1.0,2.0,1.0,,,,,
2010-01-04,6,105,196,127,76,1,4,70,43,47,51,39,10,36,24,2.0,5,5,1,3,0.0,0.0,0,2.0,1.0,1.0,,,,,
2010-01-05,5,138,206,105,91,4,4,59,33,32,72,53,8,36,37,0.0,6,17,0,3,0.0,0.0,1,0.0,2.0,0.0,,,,,
2010-01-06,4,115,170,141,79,4,2,59,53,36,66,40,10,44,38,4.0,8,9,0,1,0.0,0.0,1,0.0,0.0,3.0,,,,,
2010-01-07,2,108,184,141,60,3,3,54,59,37,75,39,6,41,26,1.0,6,12,1,1,0.0,1.0,1,1.0,1.0,1.0,,,,,
2010-01-08,8,118,177,145,71,0,3,69,68,38,75,43,10,43,38,0.0,11,8,1,0,0.0,0.0,1,0.0,4.0,0.0,,,,,
2010-01-09,4,84,188,136,77,1,2,69,40,41,52,37,6,44,21,2.0,4,4,3,2,0.0,1.0,0,2.0,1.0,0.0,,,,,
2010-01-10,9,92,152,151,78,4,2,66,34,33,52,38,7,29,23,2.0,5,3,0,1,0.0,0.0,1,0.0,1.0,0.0,,,,,
2010-01-11,4,111,185,162,84,2,1,85,48,33,101,48,6,36,24,1.0,12,5,2,2,0.0,0.0,0,1.0,2.0,0.0,,,,,
2010-01-12,4,144,211,169,74,3,1,59,55,32,70,66,5,49,32,1.0,14,7,2,2,0.0,0.0,0,1.0,1.0,2.0,,,,,
2010-01-13,3,156,191,158,77,3,1,63,62,33,69,48,15,49,40,1.0,12,3,1,0,0.0,0.0,1,1.0,2.0,2.0,,,,,
2010-01-14,12,132,185,160,112,1,2,79,64,45,84,61,14,58,32,3.0,14,12,3,2,0.0,1.0,1,1.0,0.0,0.0,,,,,
2010-01-15,13,148,264,183,126,3,3,86,61,33,77,66,15,55,39,2.0,14,12,3,2,0.0,2.0,0,0.0,2.0,2.0,1.0,,,,
2010-01-16,3,126,193,172,86,1,1,53,43,31,54,54,15,38,30,6.0,10,11,3,4,1.0,1.0,1,0.0,0.0,0.0,0.0,,,,
2010-01-17,9,101,176,155,104,0,5,67,43,21,49,64,6,55,27,1.0,7,9,1,1,0.0,0.0,0,0.0,1.0,1.0,0.0,,,,
2010-01-18,3,125,210,116,97,2,1,64,46,31,54,57,12,30,32,2.0,10,12,2,1,0.0,0.0,0,1.0,1.0,0.0,0.0,,,,
2010-01-19,9,150,226,141,104,1,4,65,55,35,65,58,14,42,34,2.0,7,20,1,2,0.0,0.0,1,2.0,1.0,0.0,0.0,,,,
2010-01-20,5,151,200,118,83,2,4,50,60,45,84,49,13,41,30,0.0,7,16,2,4,0.0,0.0,1,0.0,2.0,2.0,0.0,,,,
2010-01-21,9,153,176,129,96,3,2,59,65,41,70,47,6,44,32,1.0,8,13,1,0,0.0,0.0,1,1.0,2.0,1.0,0.0,,,,
2010-01-22,10,143,236,192,111,1,1,63,49,35,88,46,9,37,31,3.0,22,10,1,0,0.0,1.0,0,2.0,1.0,2.0,0.0,,,,
2010-01-23,5,142,214,175,132,0,6,63,56,25,59,46,9,44,36,4.0,15,10,3,0,0.0,0.0,0,1.0,0.0,0.0,0.0,,,,
2010-01-24,7,84,149,163,123,7,6,55,47,20,43,36,5,42,28,1.0,4,4,2,2,0.0,0.0,0,1.0,0.0,0.0,0.0,,,,
2010-01-25,7,117,216,140,74,2,1,48,41,49,81,56,4,39,31,2.0,8,6,0,1,0.0,0.0,0,0.0,0.0,2.0,0.0,,,,
2010-01-26,6,147,218,134,80,0,3,81,42,36,68,59,13,35,40,1.0,12,8,1,0,0.0,1.0,0,0.0,1.0,1.0,0.0,,,,
2010-01-27,9,136,167,139,80,3,2,62,46,34,53,57,5,31,36,2.0,16,13,2,1,0.0,1.0,1,0.0,0.0,0.0,0.0,,,,
2010-01-28,3,137,184,154,78,4,2,61,46,20,65,53,13,24,19,1.0,14,13,1,0,0.0,1.0,0,0.0,2.0,0.0,0.0,,,,
2010-01-29,5,151,191,124,86,4,1,51,33,33,46,48,9,40,21,4.0,4,4,2,0,0.0,0.0,1,0.0,2.0,2.0,0.0,,,,
2010-01-30,7,130,189,159,101,1,4,44,30,36,50,35,6,30,26,3.0,11,6,2,2,0.0,0.0,1,0.0,0.0,0.0,0.0,,,,
2010-01-31,6,86,156,156,118,2,3,53,34,25,46,47,8,25,34,2.0,6,10,1,3,0.0,0.0,1,2.0,0.0,0.0,0.0,,,,
2010-02-01,8,128,234,151,93,8,5,100,56,56,76,38,7,28,27,0.0,4,7,3,0,0.0,0.0,0,1.0,1.0,0.0,0.0,,,,
2010-02-02,7,164,190,131,68,3,0,52,48,43,66,40,8,20,31,2.0,9,5,0,0,0.0,0.0,0,3.0,0.0,0.0,0.0,,,,
2010-02-03,9,180,161,168,79,2,1,66,57,37,50,44,9,27,27,2.0,11,6,3,1,0.0,3.0,0,0.0,0.0,1.0,0.0,,,,
2010-02-04,5,166,171,167,80,3,6,65,61,29,57,47,9,22,22,2.0,11,12,6,2,0.0,1.0,0,1.0,4.0,1.0,0.0,,,,
2010-02-05,7,138,204,149,103,2,3,68,54,33,68,39,6,29,29,3.0,9,10,2,5,0.0,1.0,2,0.0,2.0,0.0,0.0,,,,
2010-02-06,3,151,159,136,87,6,2,58,42,32,42,43,10,36,30,5.0,6,5,2,0,0.0,2.0,0,1.0,0.0,0.0,0.0,,,,
2010-02-07,6,80,137,179,107,2,2,56,30,20,44,24,5,27,24,0.0,5,5,2,1,1.0,1.0,0,3.0,1.0,0.0,0.0,,,,
2010-02-08,8,92,181,159,74,1,2,67,48,28,59,47,12,24,23,4.0,7,2,2,2,0.0,2.0,0,0.0,1.0,0.0,0.0,,,,
2010-02-09,8,122,178,100,80,1,1,52,55,31,61,28,6,27,23,2.0,13,5,1,1,0.0,0.0,1,0.0,1.0,0.0,0.0,,,,
2010-02-10,12,143,157,121,56,2,5,56,46,41,44,37,7,35,31,4.0,11,12,1,1,0.0,2.0,0,1.0,0.0,1.0,0.0,,,,
2010-02-11,3,155,173,109,70,1,1,72,50,43,45,38,6,29,29,1.0,6,15,1,2,0.0,1.0,1,0.0,0.0,0.0,0.0,,,,
2010-02-12,9,179,162,115,94,2,3,65,52,41,59,28,10,25,26,1.0,8,11,0,0,0.0,1.0,0,0.0,0.0,0.0,0.0,,,,
2010-02-13,9,138,147,182,100,0,3,58,44,27,49,40,7,19,34,2.0,5,6,3,1,0.0,1.0,0,1.0,0.0,0.0,0.0,,,,
2010-02-14,8,105,140,177,70,2,3,49,44,26,46,30,6,18,21,1.0,8,6,1,0,0.0,1.0,0,1.0,1.0,2.0,0.0,,,,
2010-02-15,6,141,163,131,64,3,0,75,41,39,44,48,7,20,26,3.0,2,5,2,2,0.0,1.0,2,1.0,1.0,1.0,0.0,,,,
2010-02-16,2,145,195,146,89,3,4,69,45,34,51,42,11,30,27,2.0,10,13,1,0,0.0,0.0,0,0.0,0.0,0.0,2.0,,,,
2010-02-17,9,170,177,122,93,3,2,66,44,41,64,38,15,33,25,4.0,5,9,1,0,0.0,1.0,0,1.0,2.0,1.0,0.0,,,,
2010-02-18,4,173,163,177,110,1,2,73,67,50,67,40,13,21,39,3.0,14,13,2,1,0.0,1.0,1,1.0,0.0,0.0,0.0,,,,
2010-02-19,5,163,175,147,93,3,4,52,73,54,55,39,10,29,23,4.0,21,7,1,2,0.0,1.0,0,1.0,0.0,0.0,0.0,,,,
2010-02-20,5,161,181,186,97,0,3,53,46,31,34,43,7,19,25,2.0,6,4,2,2,0.0,1.0,1,1.0,0.0,1.0,1.0,,,,
2010-02-21,6,101,139,199,99,1,1,54,37,27,39,35,5,23,21,4.0,7,5,1,1,0.0,0.0,1,1.0,1.0,1.0,0.0,,,,
2010-02-22,7,120,155,122,89,1,5,71,51,28,67,37,6,23,32,1.0,9,2,2,0,0.0,0.0,1,0.0,1.0,1.0,0.0,,,,
2010-02-23,9,187,185,141,93,3,0,66,50,35,49,40,12,31,35,2.0,11,12,2,1,0.0,0.0,0,0.0,3.0,2.0,1.0,,,,
2010-02-24,7,168,170,165,82,2,2,62,53,32,53,26,14,28,20,2.0,5,10,3,1,0.0,0.0,0,1.0,4.0,0.0,0.0,,,,
2010-02-25,5,121,174,163,81,2,2,61,50,49,49,40,10,20,32,2.0,12,6,3,0,0.0,0.0,0,1.0,2.0,0.0,0.0,,,,
2010-02-26,8,127,198,177,98,4,4,51,81,29,64,41,6,24,32,2.0,9,1,1,0,0.0,0.0,1,0.0,3.0,0.0,0.0,,,,
2010-02-27,6,153,185,158,109,1,6,64,49,22,38,41,10,30,23,1.0,4,3,4,0,0.0,1.0,0,0.0,0.0,0.0,0.0,,,,
2010-02-28,8,112,149,174,94,2,8,56,61,29,39,44,4,25,22,1.0,2,5,3,1,0.0,0.0,1,2.0,1.0,0.0,0.0,,,,
2010-03-01,7,174,243,160,108,7,6,119,45,55,61,51,7,33,33,2.0,10,8,5,3,0.0,0.0,0,1.0,0.0,1.0,0.0,,,,
2010-03-02,8,185,177,181,85,2,2,50,52,40,52,51,7,17,34,1.0,8,10,1,3,0.0,1.0,0,1.0,2.0,0.0,0.0,,,,
2010-03-03,13,167,168,172,102,2,1,61,65,48,56,31,7,18,23,2.0,10,10,1,2,0.0,1.0,0,1.0,0.0,1.0,0.0,,,,
2010-03-04,9,149,161,180,110,3,5,60,69,39,49,39,11,33,36,2.0,17,9,1,1,0.0,2.0,0,0.0,1.0,2.0,0.0,,,,
2010-03-05,9,162,229,191,114,0,4,66,88,49,57,47,11,32,31,2.0,14,1,1,1,0.0,1.0,1,0.0,0.0,1.0,0.0,,,,
2010-03-06,7,153,178,209,123,0,4,55,45,30,48,29,11,30,30,2.0,9,12,2,2,1.0,1.0,1,0.0,0.0,1.0,0.0,,,,
2010-03-07,9,111,155,191,103,4,4,71,44,19,36,29,10,16,24,2.0,4,4,3,2,0.0,0.0,0,2.0,2.0,0.0,0.0,,,,
2010-03-08,11,130,220,208,124,2,3,67,63,39,75,45,11,41,31,0.0,12,5,1,1,0.0,2.0,0,1.0,0.0,1.0,1.0,,,,
2010-03-09,8,137,202,194,115,3,1,84,92,38,81,48,8,34,37,2.0,11,7,1,3,0.0,2.0,1,0.0,1.0,0.0,0.0,1.0,,,
2010-03-10,8,158,199,198,127,3,3,63,80,53,54,43,16,34,38,4.0,19,17,3,0,0.0,3.0,0,0.0,5.0,0.0,0.0,0.0,,,
2010-03-11,7,180,174,210,133,2,3,75,72,30,72,44,12,24,35,5.0,13,12,1,0,0.0,1.0,1,0.0,3.0,1.0,0.0,0.0,,,
2010-03-12,7,160,238,233,122,2,3,57,72,41,79,42,9,36,30,4.0,12,3,3,0,0.0,1.0,0,2.0,0.0,1.0,0.0,0.0,,,
2010-03-13,5,131,198,223,104,2,3,61,45,27,63,42,11,30,19,3.0,6,7,3,0,0.0,0.0,0,0.0,0.0,0.0,0.0,0.0,,,
2010-03-14,8,75,141,212,141,4,4,48,60,26,56,42,5,31,22,3.0,3,8,4,1,1.0,0.0,1,0.0,0.0,0.0,0.0,0.0,,,
2010-03-15,5,115,227,172,136,4,11,72,63,48,78,32,10,39,33,0.0,8,3,5,3,0.0,2.0,1,1.0,1.0,1.0,1.0,0.0,,,
2010-03-16,7,158,204,202,102,3,5,61,84,33,72,44,20,27,40,2.0,23,18,4,1,0.0,3.0,1,0.0,0.0,1.0,0.0,0.0,,,
2010-03-17,8,165,172,200,110,4,6,63,58,35,76,49,11,38,27,6.0,16,13,4,4,0.0,2.0,0,1.0,0.0,0.0,0.0,0.0,,,
2010-03-18,10,143,203,241,161,4,3,52,74,34,71,45,16,40,20,4.0,19,8,3,0,1.0,1.0,0,1.0,2.0,1.0,0.0,0.0,,,
2010-03-19,11,158,230,210,123,2,6,76,61,46,75,45,14,42,29,4.0,14,8,2,2,0.0,1.0,1,1.0,3.0,0.0,0.0,0.0,,,
2010-03-20,8,100,185,175,121,1,4,54,32,23,53,39,9,33,23,0.0,8,3,1,2,0.0,0.0,0,1.0,1.0,0.0,0.0,0.0,,,
2010-03-21,6,114,150,170,126,3,5,75,44,19,54,39,5,47,26,0.0,7,6,0,1,0.0,2.0,0,2.0,1.0,0.0,0.0,0.0,,,
2010-03-22,6,101,197,192,88,2,6,53,58,32,84,39,7,37,25,1.0,23,9,1,2,0.0,1.0,0,0.0,1.0,1.0,0.0,0.0,,,
2010-03-23,6,157,193,202,144,3,6,68,71,30,70,50,13,40,29,0.0,14,4,4,4,1.0,3.0,2,0.0,3.0,1.0,0.0,0.0,,,
2010-03-24,6,165,201,188,134,6,4,74,66,39,73,50,18,39,38,3.0,17,14,3,1,0.0,3.0,0,2.0,1.0,0.0,0.0,0.0,,,
2010-03-25,8,130,212,185,122,5,1,85,62,44,67,54,16,27,31,2.0,11,9,0,1,0.0,1.0,0,3.0,2.0,0.0,0.0,0.0,,,
2010-03-26,3,162,219,202,131,4,2,64,46,36,77,40,14,22,31,3.0,6,1,0,2,1.0,0.0,0,1.0,1.0,0.0,0.0,0.0,,,
2010-03-27,6,153,205,190,155,1,4,64,59,26,55,50,13,40,28,5.0,8,20,2,1,0.0,3.0,0,4.0,2.0,0.0,0.0,0.0,,,
2010-03-28,8,91,197,206,126,2,4,55,45,38,50,37,4,35,36,1.0,4,7,1,5,0.0,0.0,0,2.0,0.0,2.0,0.0,0.0,,,
2010-03-29,7,120,208,148,130,4,4,67,54,26,55,55,7,28,39,0.0,8,5,3,0,0.0,1.0,0,2.0,1.0,2.0,0.0,0.0,,,
2010-03-30,4,162,209,172,115,1,4,64,54,28,73,58,16,35,22,1.0,8,11,3,1,0.0,7.0,0,1.0,0.0,3.0,0.0,0.0,,,
2010-03-31,7,129,199,211,125,4,4,63,79,35,66,40,14,25,19,2.0,16,16,2,0,0.0,3.0,0,1.0,1.0,0.0,0.0,0.0,1.0,,
2010-04-01,13,179,258,228,144,5,4,74,75,54,69,55,20,27,25,5.0,11,9,1,0,0.0,6.0,1,1.0,0.0,0.0,0.0,0.0,0.0,,
2010-04-02,8,134,186,241,141,1,10,62,68,50,67,50,11,42,27,2.0,12,8,1,1,0.0,10.0,0,3.0,1.0,0.0,0.0,0.0,0.0,,
2010-04-03,8,121,184,202,136,1,4,55,58,24,46,41,11,29,24,6.0,12,3,5,1,0.0,2.0,1,2.0,0.0,0.0,0.0,0.0,0.0,,
2010-04-04,11,71,162,193,112,1,5,51,67,34,58,45,6,34,18,2.0,7,3,0,0,0.0,0.0,0,0.0,0.0,1.0,0.0,1.0,0.0,,
2010-04-05,7,102,207,181,126,1,3,80,59,49,62,46,6,19,38,0.0,8,0,2,2,0.0,6.0,0,0.0,2.0,2.0,0.0,0.0,0.0,,
2010-04-06,4,133,179,203,116,6,3,56,82,33,67,57,17,42,27,3.0,14,9,2,0,0.0,4.0,0,0.0,1.0,1.0,0.0,0.0,0.0,,
2010-04-07,5,132,181,145,96,5,1,64,55,21,75,50,6,38,22,1.0,9,2,0,1,0.0,1.0,1,1.0,1.0,0.0,0.0,0.0,0.0,,
2010-04-08,4,155,211,164,133,3,1,74,78,38,72,41,13,27,27,6.0,17,10,2,1,0.0,2.0,0,1.0,0.0,1.0,0.0,0.0,0.0,,
2010-04-09,12,147,207,188,141,0,2,54,63,44,67,39,11,36,16,2.0,14,13,3,4,0.0,6.0,0,0.0,2.0,2.0,1.0,0.0,0.0,,
2010-04-10,4,136,249,230,149,2,5,76,63,33,56,41,9,36,22,5.0,12,5,3,0,1.0,4.0,2,1.0,0.0,0.0,0.0,0.0,0.0,,
2010-04-11,8,89,188,219,134,2,3,60,57,20,52,34,13,29,20,2.0,10,3,5,2,0.0,4.0,1,1.0,1.0,0.0,0.0,0.0,0.0,,
2010-04-12,3,101,194,188,105,6,3,74,71,50,64,40,13,38,27,2.0,14,5,3,1,1.0,8.0,0,3.0,0.0,3.0,0.0,0.0,0.0,,
2010-04-13,5,134,198,184,130,5,0,48,45,51,70,43,17,45,34,1.0,10,1,3,1,0.0,2.0,1,1.0,1.0,0.0,0.0,0.0,0.0,,
2010-04-14,9,138,214,229,117,5,5,63,92,47,71,51,13,36,30,2.0,15,8,2,2,0.0,4.0,1,5.0,1.0,1.0,1.0,0.0,0.0,,
2010-04-15,9,132,240,251,124,8,6,64,86,54,88,61,15,41,28,6.0,11,9,2,2,0.0,8.0,0,7.0,2.0,2.0,0.0,0.0,0.0,,
2010-04-16,11,112,225,215,131,3,3,60,76,50,79,57,8,45,23,2.0,6,6,3,0,1.0,1.0,2,2.0,1.0,1.0,0.0,0.0,0.0,,
2010-04-17,14,109,212,210,142,1,3,58,65,29,46,49,6,36,20,3.0,5,5,3,2,0.0,2.0,1,1.0,2.0,0.0,0.0,0.0,0.0,,
2010-04-18,10,103,165,195,143,3,4,51,55,21,50,41,7,42,18,5.0,8,6,4,2,0.0,0.0,1,2.0,1.0,0.0,0.0,0.0,0.0,,
2010-04-19,5,111,199,160,122,5,2,96,59,41,77,53,11,42,16,1.0,8,2,3,2,0.0,3.0,2,1.0,0.0,1.0,0.0,0.0,0.0,,
2010-04-20,4,161,214,171,102,3,5,78,69,45,66,49,19,45,41,5.0,7,11,1,2,0.0,4.0,0,2.0,3.0,1.0,0.0,0.0,0.0,,
2010-04-21,3,156,201,157,100,1,0,64,60,34,69,41,12,46,26,1.0,15,5,3,2,0.0,2.0,1,4.0,0.0,1.0,0.0,0.0,0.0,,
2010-04-22,5,136,224,165,118,4,2,63,65,44,72,67,20,31,21,2.0,3,7,2,1,0.0,4.0,1,1.0,1.0,1.0,0.0,0.0,0.0,,
2010-04-23,5,158,248,192,139,1,2,64,72,36,69,64,15,36,39,1.0,7,7,3,0,0.0,2.0,0,1.0,2.0,0.0,0.0,0.0,0.0,,
2010-04-24,9,102,200,181,147,0,0,63,53,28,61,55,9,55,25,3.0,12,6,1,1,0.0,4.0,0,1.0,1.0,1.0,1.0,0.0,0.0,,
2010-04-25,8,94,163,195,134,0,7,68,47,24,57,38,6,39,18,3.0,8,4,1,1,0.0,1.0,0,1.0,1.0,0.0,0.0,0.0,0.0,,
2010-04-26,10,96,204,172,134,1,2,67,71,39,89,55,10,41,24,4.0,12,6,2,1,0.0,2.0,1,1.0,1.0,2.0,0.0,0.0,0.0,,
2010-04-27,4,150,175,181,128,2,4,61,67,31,72,44,15,34,36,0.0,9,7,1,0,0.0,2.0,0,0.0,2.0,1.0,0.0,0.0,0.0,,
2010-04-28,7,135,195,197,130,2,2,65,52,25,69,52,14,34,26,4.0,19,7,3,0,0.0,1.0,0,0.0,1.0,1.0,0.0,0.0,0.0,,
2010-04-29,6,129,219,191,148,2,4,61,73,34,68,42,12,35,16,2.0,7,7,1,2,0.0,6.0,1,1.0,1.0,0.0,0.0,0.0,0.0,,
2010-04-30,10,131,233,236,131,4,7,62,67,37,66,54,10,41,24,4.0,17,7,2,3,0.0,6.0,2,2.0,1.0,0.0,0.0,0.0,0.0,,
2010-05-01,22,95,277,223,171,9,12,88,62,37,65,41,18,45,14,1.0,8,1,3,0,2.0,9.0,0,2.0,2.0,0.0,0.0,0.0,0.0,,
2010-05-02,8,68,169,240,144,3,3,64,55,19,56,44,14,40,23,1.0,13,1,1,1,0.0,2.0,1,3.0,0.0,0.0,0.0,0.0,0.0,,
2010-05-03,7,119,226,209,109,2,3,62,90,34,82,52,11,58,25,1.0,14,0,4,1,0.0,2.0,1,0.0,1.0,0.0,0.0,0.0,0.0,,
2010-05-04,8,153,221,217,113,4,0,65,68,34,72,46,19,44,32,1.0,11,7,1,1,0.0,5.0,0,0.0,0.0,0.0,0.0,0.0,0.0,,
2010-05-05,10,150,254,223,156,7,3,77,75,45,80,52,10,35,38,5.0,17,13,0,1,0.0,5.0,0,0.0,1.0,0.0,0.0,0.0,0.0,,
2010-05-06,6,150,217,189,142,3,1,57,66,37,71,56,11,38,31,1.0,9,10,3,0,0.0,4.0,0,1.0,1.0,0.0,0.0,0.0,0.0,,
2010-05-07,10,144,222,191,131,0,4,65,54,38,82,61,12,30,33,2.0,15,6,2,2,0.0,3.0,0,1.0,3.0,1.0,1.0,0.0,0.0,,
2010-05-08,5,123,209,186,117,3,2,49,40,43,53,29,12,39,24,4.0,4,6,0,2,0.0,2.0,1,0.0,1.0,1.0,0.0,0.0,0.0,,
2010-05-09,11,84,201,204,134,2,7,62,52,9,70,41,7,51,17,2.0,10,9,1,2,0.0,4.0,0,2.0,0.0,1.0,0.0,0.0,0.0,,
2010-05-10,9,129,213,183,117,3,3,77,58,41,92,70,13,37,28,2.0,9,3,4,3,0.0,4.0,1,1.0,0.0,0.0,0.0,0.0,0.0,,
2010-05-11,4,150,171,145,108,3,4,67,75,29,84,45,10,45,29,1.0,9,11,5,1,0.0,1.0,1,0.0,1.0,0.0,0.0,0.0,0.0,,
2010-05-12,8,157,221,168,124,7,0,60,67,42,85,70,16,34,26,1.0,5,10,1,1,0.0,3.0,0,1.0,1.0,1.0,0.0,0.0,0.0,,
2010-05-13,6,125,189,193,109,3,2,59,51,33,89,66,17,29,26,1.0,10,15,3,5,0.0,2.0,0,0.0,1.0,0.0,0.0,0.0,0.0,,
2010-05-14,11,146,258,222,109,5,3,75,86,43,95,54,9,39,32,4.0,8,6,1,0,0.0,3.0,0,1.0,3.0,0.0,0.0,0.0,0.0,,
2010-05-15,5,88,262,226,130,2,8,64,58,28,67,57,9,38,36,2.0,10,11,1,3,0.0,5.0,1,2.0,0.0,0.0,1.0,0.0,0.0,,
2010-05-16,6,85,192,205,145,1,5,58,63,20,43,47,8,36,20,1.0,10,2,3,2,0.0,4.0,1,2.0,0.0,0.0,0.0,0.0,0.0,,
2010-05-17,5,91,212,160,111,3,8,75,74,43,86,67,8,37,24,1.0,10,2,3,1,1.0,4.0,2,2.0,1.0,1.0,0.0,0.0,0.0,,
2010-05-18,13,143,226,178,98,3,1,61,66,32,95,58,10,41,34,4.0,14,4,3,0,0.0,3.0,1,4.0,0.0,1.0,0.0,0.0,0.0,,
2010-05-19,2,137,185,194,114,2,4,79,80,32,71,58,19,36,32,1.0,8,14,0,2,0.0,7.0,2,2.0,1.0,2.0,0.0,0.0,0.0,,
2010-05-20,7,133,227,213,130,2,6,75,69,28,66,55,13,39,24,2.0,15,9,3,1,0.0,3.0,1,3.0,3.0,3.0,0.0,0.0,0.0,,
2010-05-21,5,154,237,172,114,3,3,49,66,31,85,64,12,41,26,1.0,17,3,1,1,0.0,4.0,0,0.0,1.0,0.0,0.0,0.0,0.0,,
2010-05-22,5,97,226,226,121,7,6,52,54,20,58,65,17,46,15,5.0,10,8,3,3,0.0,5.0,1,0.0,1.0,1.0,0.0,0.0,0.0,,
2010-05-23,12,93,200,262,142,4,5,59,82,23,52,40,7,31,20,2.0,12,1,3,1,0.0,3.0,0,2.0,0.0,0.0,0.0,0.0,0.0,,
2010-05-24,8,120,236,247,114,5,1,74,90,36,59,57,12,41,23,1.0,17,4,2,2,0.0,2.0,0,2.0,0.0,0.0,0.0,0.0,0.0,,
2010-05-25,7,113,221,211,112,7,8,65,73,42,77,47,15,40,23,3.0,15,15,2,2,0.0,4.0,0,3.0,3.0,0.0,0.0,0.0,0.0,,
2010-05-26,5,127,230,228,111,3,8,68,101,43,72,60,12,26,37,5.0,7,10,9,2,0.0,7.0,0,4.0,1.0,0.0,0.0,0.0,0.0,,
2010-05-27,4,113,207,225,133,2,5,42,84,36,69,81,8,37,28,0.0,10,3,0,0,0.0,0.0,0,1.0,2.0,0.0,0.0,0.0,1.0,,
2010-05-28,7,101,268,216,120,6,2,61,66,28,79,73,15,38,25,3.0,18,5,2,0,0.0,5.0,3,0.0,3.0,2.0,0.0,0.0,0.0,,
2010-05-29,8,105,212,226,119,0,2,71,56,34,75,49,14,41,16,2.0,12,8,1,0,0.0,6.0,0,1.0,2.0,0.0,1.0,0.0,0.0,,
2010-05-30,10,85,191,246,114,4,8,65,59,19,57,36,5,31,17,2.0,7,2,6,3,0.0,2.0,0,4.0,2.0,1.0,0.0,0.0,0.0,,
2010-05-31,8,91,142,181,95,3,3,47,47,15,61,51,10,24,12,1.0,8,3,2,1,0.0,2.0,0,2.0,2.0,0.0,0.0,0.0,0.0,,
2010-06-01,28,140,304,195,104,15,17,76,84,66,74,73,8,47,31,1.0,11,14,3,1,3.0,2.0,3,2.0,1.0,0.0,0.0,0.0,0.0,,
2010-06-02,7,133,219,222,109,3,1,68,73,29,82,50,7,37,38,3.0,15,5,4,2,0.0,5.0,0,1.0,0.0,1.0,0.0,0.0,0.0,,
2010-06-03,5,121,226,189,117,5,4,68,56,29,79,50,5,38,28,4.0,13,5,4,1,0.0,4.0,2,1.0,0.0,1.0,1.0,0.0,0.0,,
2010-06-04,4,134,246,198,123,4,1,71,67,39,79,54,11,55,23,3.0,7,8,0,5,0.0,6.0,0,1.0,2.0,0.0,0.0,0.0,0.0,,
2010-06-05,8,103,229,218,147,5,5,46,60,30,54,44,15,39,29,2.0,12,5,3,0,0.0,5.0,0,1.0,0.0,0.0,1.0,0.0,0.0,,
2010-06-06,11,90,197,190,131,1,3,70,56,20,60,45,11,33,35,1.0,1,3,0,3,0.0,6.0,0,2.0,1.0,0.0,0.0,0.0,0.0,,
2010-06-07,2,146,222,187,95,2,1,59,80,36,81,55,11,45,29,1.0,14,1,1,4,0.0,5.0,0,1.0,1.0,0.0,0.0,0.0,0.0,,
2010-06-08,4,109,206,166,116,4,3,61,67,34,70,51,11,46,28,5.0,11,12,2,1,0.0,0.0,0,4.0,0.0,2.0,0.0,0.0,1.0,,
2010-06-09,4,101,256,212,136,2,3,58,73,48,85,39,10,44,15,3.0,11,15,1,0,0.0,5.0,1,2.0,3.0,2.0,0.0,0.0,0.0,,
2010-06-10,2,116,270,266,125,4,0,52,60,40,95,49,10,47,39,2.0,22,15,4,2,1.0,7.0,0,0.0,0.0,4.0,0.0,0.0,0.0,,
2010-06-11,11,93,249,235,131,3,3,62,86,33,90,52,14,41,22,4.0,14,11,3,1,0.0,0.0,1,0.0,0.0,1.0,0.0,0.0,0.0,,
2010-06-12,6,96,212,229,125,0,7,54,59,25,56,43,13,28,18,3.0,6,7,3,4,0.0,2.0,0,4.0,0.0,0.0,0.0,0.0,0.0,,
2010-06-13,4,95,182,200,120,3,2,52,48,21,56,44,9,40,22,1.0,11,6,2,1,0.0,2.0,0,3.0,1.0,1.0,0.0,0.0,0.0,,
2010-06-14,5,117,220,201,111,4,5,66,71,47,90,48,8,50,36,1.0,17,4,0,3,0.0,4.0,0,1.0,0.0,0.0,0.0,1.0,0.0,,
2010-06-15,3,121,244,177,122,5,3,76,63,45,73,59,16,36,18,2.0,11,2,2,1,0.0,0.0,1,3.0,1.0,1.0,0.0,0.0,0.0,,
2010-06-16,9,116,234,201,124,4,4,61,71,35,63,51,8,43,26,3.0,13,11,8,1,0.0,3.0,2,1.0,0.0,1.0,0.0,0.0,0.0,,
2010-06-17,7,165,235,216,126,4,5,73,71,40,61,41,8,28,24,1.0,9,15,4,1,0.0,2.0,1,2.0,0.0,2.0,0.0,0.0,0.0,,
2010-06-18,10,79,247,230,126,2,11,52,66,33,81,49,8,38,17,2.0,7,13,1,2,0.0,3.0,0,1.0,2.0,2.0,0.0,0.0,0.0,,
2010-06-19,5,61,200,222,99,2,4,44,54,24,66,49,13,37,24,2.0,7,5,1,1,0.0,5.0,0,3.0,0.0,2.0,1.0,0.0,0.0,,
2010-06-20,8,73,203,292,137,6,7,47,68,32,67,50,9,41,18,5.0,12,1,3,1,0.0,0.0,1,2.0,5.0,1.0,0.0,0.0,0.0,,
2010-06-21,5,112,216,239,125,5,2,71,65,46,105,55,15,36,21,3.0,9,0,4,0,1.0,2.0,0,6.0,0.0,1.0,0.0,0.0,0.0,,
2010-06-22,2,113,215,201,121,6,4,53,65,39,59,55,14,41,29,3.0,10,1,0,0,2.0,6.0,1,1.0,0.0,2.0,0.0,0.0,0.0,,
2010-06-23,2,109,219,174,88,5,4,53,73,43,81,59,9,36,24,5.0,8,4,3,2,0.0,1.0,2,0.0,1.0,0.0,0.0,0.0,0.0,,
2010-06-24,6,114,232,185,100,5,0,51,65,48,73,50,9,38,14,1.0,9,7,5,4,0.0,7.0,0,1.0,0.0,0.0,0.0,0.0,0.0,,
2010-06-25,14,99,240,221,128,2,3,79,65,37,96,50,14,39,25,4.0,16,12,4,2,0.0,2.0,2,1.0,0.0,0.0,0.0,0.0,0.0,,
2010-06-26,6,98,247,231,125,5,2,65,70,24,73,41,12,51,22,5.0,8,15,6,4,0.0,3.0,1,4.0,1.0,1.0,0.0,0.0,0.0,,
2010-06-27,8,95,200,274,127,3,7,60,81,24,65,52,10,52,24,0.0,15,1,2,3,0.0,1.0,1,1.0,0.0,0.0,1.0,0.0,0.0,,
2010-06-28,7,105,254,199,132,0,3,102,76,47,77,54,9,46,25,2.0,14,6,4,1,0.0,4.0,0,0.0,1.0,0.0,0.0,0.0,0.0,,
2010-06-29,3,140,236,190,110,3,2,103,64,32,68,43,13,41,28,3.0,14,6,1,1,0.0,3.0,1,0.0,0.0,1.0,0.0,0.0,0.0,,
2010-06-30,6,151,252,172,106,2,2,77,77,39,97,58,11,33,21,5.0,6,14,3,3,0.0,3.0,1,0.0,1.0,0.0,0.0,0.0,0.0,,
2010-07-01,12,134,300,198,99,12,6,105,70,71,88,40,8,51,36,3.0,8,4,2,0,0.0,9.0,3,0.0,0.0,1.0,0.0,0.0,0.0,,
2010-07-02,10,137,216,191,128,2,1,58,48,46,82,45,9,51,21,4.0,14,15,2,1,0.0,7.0,0,0.0,1.0,1.0,1.0,0.0,0.0,,
2010-07-03,5,103,214,220,121,3,5,47,70,31,55,38,11,37,23,3.0,10,0,3,1,0.0,3.0,0,2.0,1.0,0.0,0.0,0.0,0.0,,
2010-07-04,10,28,197,288,159,6,6,43,55,20,67,45,15,26,13,0.0,9,0,2,3,0.0,2.0,0,4.0,0.0,1.0,0.0,0.0,0.0,,
2010-07-05,7,103,190,295,134,1,7,65,72,26,59,47,11,43,28,1.0,7,1,2,0,1.0,3.0,2,3.0,1.0,0.0,2.0,0.0,0.0,,
2010-07-06,2,120,228,182,117,2,6,74,66,47,82,53,17,31,23,0.0,8,6,7,1,0.0,2.0,0,2.0,0.0,0.0,0.0,0.0,0.0,,
2010-07-07,7,108,248,164,121,5,2,71,55,66,73,59,8,51,20,2.0,7,6,2,3,0.0,5.0,1,5.0,0.0,0.0,0.0,0.0,0.0,,
2010-07-08,6,129,228,230,115,2,2,61,73,62,68,62,11,45,28,2.0,10,10,3,1,0.0,6.0,0,1.0,1.0,1.0,0.0,0.0,0.0,,
2010-07-09,9,121,246,207,124,1,3,68,54,44,83,40,9,44,27,2.0,4,3,2,0,0.0,5.0,0,0.0,0.0,1.0,0.0,0.0,0.0,,
2010-07-10,13,113,209,230,122,1,5,65,67,31,64,52,5,46,20,3.0,12,5,1,2,0.0,4.0,0,2.0,0.0,0.0,0.0,0.0,0.0,,
2010-07-11,5,90,202,243,130,3,10,49,68,21,65,42,6,41,21,0.0,6,8,2,4,0.0,2.0,0,1.0,0.0,0.0,0.0,0.0,0.0,,
2010-07-12,1,111,235,163,132,6,5,79,62,40,67,52,13,46,24,1.0,8,6,1,2,1.0,6.0,0,0.0,1.0,0.0,1.0,0.0,0.0,,
2010-07-13,5,121,219,172,109,0,1,50,71,31,80,55,10,41,24,3.0,9,8,2,2,0.0,5.0,1,0.0,0.0,0.0,0.0,0.0,0.0,,
2010-07-14,4,131,246,197,113,5,3,58,67,50,74,61,15,43,33,2.0,10,4,5,1,0.0,6.0,0,0.0,0.0,0.0,0.0,0.0,0.0,,
2010-07-15,8,118,258,184,115,3,2,79,60,29,93,43,8,42,23,3.0,9,5,6,3,0.0,1.0,0,2.0,2.0,0.0,0.0,1.0,0.0,,
2010-07-16,8,117,247,202,124,2,5,66,66,31,84,62,12,44,34,3.0,11,11,3,1,0.0,7.0,0,1.0,1.0,2.0,0.0,0.0,0.0,,
2010-07-17,9,94,259,238,135,2,4,58,78,29,65,51,10,40,22,1.0,7,6,3,2,0.0,3.0,0,3.0,0.0,2.0,0.0,0.0,0.0,,
2010-07-18,9,109,215,237,125,4,2,64,84,17,65,46,9,42,22,1.0,4,3,5,3,0.0,6.0,0,3.0,1.0,0.0,1.0,0.0,0.0,,
2010-07-19,3,110,230,180,116,7,3,61,63,38,69,51,7,36,35,1.0,16,3,4,1,0.0,4.0,1,1.0,1.0,1.0,0.0,0.0,0.0,,
2010-07-20,5,145,234,195,113,3,12,68,83,42,74,55,12,32,31,3.0,10,3,0,1,0.0,8.0,0,0.0,0.0,0.0,0.0,0.0,0.0,,
2010-07-21,5,134,252,192,87,3,3,53,62,41,78,51,13,51,21,3.0,8,17,3,2,0.0,4.0,0,1.0,1.0,0.0,0.0,0.0,0.0,,
2010-07-22,8,98,276,205,130,1,6,65,58,47,87,64,7,61,31,0.0,15,8,1,2,0.0,9.0,2,1.0,1.0,3.0,0.0,0.0,0.0,1.0,
2010-07-23,7,111,247,162,149,2,3,65,60,31,109,49,7,40,29,3.0,5,4,2,2,0.0,1.0,0,2.0,1.0,1.0,0.0,0.0,0.0,,
2010-07-24,5,87,194,198,122,2,3,39,68,22,68,44,12,37,16,0.0,11,1,1,1,0.0,2.0,0,2.0,0.0,0.0,0.0,0.0,0.0,,
2010-07-25,8,121,218,236,114,2,6,47,69,22,71,44,14,45,19,3.0,12,1,3,2,0.0,4.0,1,0.0,2.0,0.0,0.0,0.0,0.0,,
2010-07-26,4,98,235,197,125,3,2,62,71,37,85,43,12,36,23,2.0,10,5,0,2,0.0,4.0,0,0.0,0.0,0.0,0.0,0.0,0.0,,
2010-07-27,5,132,248,204,110,0,2,62,73,33,85,62,10,49,28,1.0,9,7,2,2,0.0,8.0,2,0.0,0.0,0.0,0.0,0.0,0.0,,
2010-07-28,7,122,250,163,115,4,3,61,80,45,72,63,11,52,26,2.0,7,7,2,2,0.0,1.0,0,1.0,2.0,0.0,0.0,0.0,0.0,,
2010-07-29,5,116,218,175,114,7,1,41,70,43,70,44,11,35,27,4.0,9,4,2,2,0.0,5.0,0,1.0,0.0,0.0,0.0,0.0,0.0,,
2010-07-30,8,141,227,165,112,8,2,60,54,32,93,52,8,43,19,7.0,11,4,3,0,0.0,6.0,1,2.0,2.0,1.0,0.0,0.0,0.0,,
2010-07-31,14,115,208,197,112,2,1,42,57,30,56,57,15,40,22,6.0,6,8,1,2,0.0,5.0,2,2.0,2.0,0.0,0.0,0.0,0.0,,
2010-08-01,27,97,279,222,146,8,13,68,73,56,62,48,12,38,22,1.0,10,4,3,0,0.0,3.0,0,3.0,3.0,1.0,0.0,0.0,0.0,,
2010-08-02,8,138,238,162,90,7,4,64,54,52,90,45,13,26,42,2.0,13,3,0,1,0.0,7.0,0,1.0,0.0,2.0,0.0,0.0,0.0,,
2010-08-03,5,142,227,151,116,1,1,58,53,43,82,47,11,48,31,1.0,9,6,1,2,1.0,9.0,1,1.0,0.0,0.0,0.0,0.0,0.0,,
2010-08-04,7,121,225,162,124,5,7,56,55,38,84,45,15,49,21,1.0,7,13,2,3,0.0,6.0,1,1.0,1.0,0.0,0.0,0.0,0.0,,
2010-08-05,6,116,261,174,121,1,1,46,86,41,102,55,10,45,25,3.0,7,8,1,2,0.0,4.0,1,1.0,2.0,0.0,0.0,0.0,0.0,,
2010-08-06,10,125,269,213,121,2,1,52,61,34,94,64,8,44,16,0.0,12,13,5,1,0.0,7.0,0,2.0,0.0,0.0,0.0,0.0,0.0,,
2010-08-07,8,105,252,231,134,1,3,42,56,33,83,42,10,49,21,2.0,9,9,3,2,0.0,3.0,1,2.0,1.0,0.0,0.0,0.0,0.0,,
2010-08-08,4,80,215,273,117,1,11,55,47,33,67,52,9,49,22,1.0,13,6,7,4,0.0,2.0,0,1.0,0.0,0.0,0.0,0.0,0.0,,
2010-08-09,4,108,250,177,128,5,4,56,76,40,104,41,12,38,30,0.0,12,5,5,1,0.0,1.0,0,1.0,0.0,0.0,0.0,0.0,0.0,,
2010-08-10,4,128,248,179,121,4,5,68,68,39,84,51,11,36,29,1.0,12,12,1,2,0.0,5.0,1,4.0,0.0,0.0,0.0,0.0,0.0,,
2010-08-11,9,126,244,169,120,3,6,54,66,24,81,63,13,51,33,2.0,9,13,4,1,0.0,5.0,0,0.0,2.0,1.0,0.0,0.0,0.0,,
2010-08-12,6,121,227,183,118,2,4,52,67,34,85,46,8,35,31,3.0,6,5,2,0,0.0,3.0,0,3.0,1.0,0.0,0.0,0.0,0.0,,
2010-08-13,11,121,222,159,120,6,4,50,67,43,109,57,10,40,29,7.0,4,2,0,2,0.0,3.0,0,2.0,0.0,0.0,0.0,0.0,0.0,,
2010-08-14,13,105,248,241,123,5,2,46,72,20,86,59,6,39,18,4.0,15,4,5,4,1.0,3.0,1,1.0,0.0,0.0,0.0,0.0,0.0,,
2010-08-15,6,97,237,245,148,4,7,48,63,22,81,46,11,43,23,1.0,14,0,0,1,0.0,6.0,1,3.0,0.0,1.0,0.0,0.0,0.0,,
2010-08-16,4,120,254,165,123,1,4,63,80,30,93,56,10,47,39,1.0,7,3,3,1,0.0,4.0,2,2.0,1.0,3.0,0.0,0.0,0.0,,
2010-08-17,6,140,228,165,103,4,4,71,68,40,96,47,12,44,25,4.0,7,8,3,1,0.0,5.0,0,2.0,0.0,0.0,0.0,1.0,0.0,,
2010-08-18,7,116,257,213,126,5,2,52,65,26,99,59,11,34,24,1.0,9,9,4,2,0.0,4.0,2,2.0,0.0,0.0,0.0,0.0,0.0,,
2010-08-19,4,155,221,183,122,1,4,70,71,42,103,66,14,40,31,0.0,13,5,0,0,0.0,1.0,0,5.0,1.0,1.0,0.0,0.0,0.0,,
2010-08-20,9,121,244,188,121,4,3,73,59,44,102,68,15,43,25,3.0,7,6,1,2,0.0,10.0,0,1.0,0.0,1.0,0.0,0.0,1.0,,
2010-08-21,7,97,232,229,119,5,4,50,55,32,72,61,8,40,24,0.0,9,5,1,2,0.0,6.0,0,2.0,0.0,0.0,0.0,0.0,0.0,,
2010-08-22,4,97,202,222,136,6,2,57,74,23,66,54,4,36,28,2.0,10,5,4,2,0.0,5.0,0,2.0,0.0,1.0,0.0,0.0,0.0,,
2010-08-23,6,112,251,193,114,7,1,85,69,37,79,59,12,55,18,1.0,14,2,0,3,0.0,5.0,1,1.0,3.0,1.0,0.0,0.0,0.0,,
2010-08-24,3,147,244,164,112,3,6,65,67,41,92,48,8,56,24,2.0,11,11,4,1,0.0,6.0,0,2.0,0.0,0.0,0.0,0.0,0.0,,
2010-08-25,5,132,241,155,124,2,3,72,55,25,81,63,11,35,34,5.0,7,8,3,0,0.0,7.0,0,1.0,2.0,0.0,0.0,0.0,0.0,,
2010-08-26,2,145,267,178,100,6,2,62,57,30,101,59,8,47,37,2.0,11,13,0,3,0.0,8.0,0,1.0,0.0,1.0,0.0,0.0,0.0,,
2010-08-27,14,122,260,183,118,5,2,64,66,45,92,54,11,35,38,3.0,5,7,3,0,0.0,3.0,0,1.0,3.0,0.0,0.0,0.0,0.0,,
2010-08-28,5,90,241,212,134,6,5,52,62,25,88,35,8,35,14,1.0,4,12,2,1,0.0,2.0,0,5.0,0.0,1.0,0.0,0.0,0.0,,
2010-08-29,14,113,210,258,133,3,2,58,67,21,73,72,8,49,25,1.0,13,3,3,1,0.0,1.0,0,2.0,0.0,0.0,0.0,0.0,0.0,,
2010-08-30,8,109,263,202,124,6,3,48,66,33,87,59,17,50,28,2.0,15,3,3,1,0.0,3.0,0,0.0,2.0,0.0,0.0,0.0,0.0,,
2010-08-31,9,123,233,206,92,4,2,59,71,31,89,60,6,40,21,2.0,15,9,6,2,0.0,0.0,1,2.0,0.0,1.0,0.0,0.0,0.0,,
2010-09-01,18,140,271,181,114,11,9,80,79,59,88,62,12,47,29,0.0,11,8,3,0,2.0,2.0,0,2.0,0.0,1.0,0.0,0.0,0.0,,
2010-09-02,4,117,222,173,93,2,4,60,67,47,65,55,9,53,20,4.0,6,5,3,1,0.0,3.0,0,6.0,2.0,1.0,0.0,0.0,0.0,,
2010-09-03,4,142,262,164,99,4,3,61,58,36,95,57,13,51,28,2.0,7,3,1,1,0.0,4.0,0,0.0,0.0,3.0,0.0,0.0,0.0,,
2010-09-04,8,103,227,181,115,6,6,40,59,31,59,52,13,34,26,2.0,9,4,1,2,0.0,6.0,1,2.0,1.0,0.0,0.0,0.0,0.0,,
2010-09-05,4,92,228,191,120,2,7,59,54,24,63,37,13,39,20,1.0,10,6,1,5,0.0,4.0,0,0.0,1.0,0.0,2.0,0.0,0.0,,
2010-09-06,5,128,228,174,121,1,2,57,64,22,73,55,16,57,28,0.0,8,1,5,1,0.0,4.0,1,2.0,1.0,1.0,0.0,0.0,0.0,,
2010-09-07,8,144,208,169,122,3,3,68,73,49,107,64,14,32,28,2.0,13,7,4,1,0.0,6.0,1,0.0,1.0,1.0,0.0,0.0,0.0,,
2010-09-08,5,143,221,162,113,1,0,49,67,29,82,56,10,48,34,2.0,8,14,2,1,0.0,5.0,0,2.0,3.0,0.0,0.0,0.0,0.0,,
2010-09-09,5,135,229,143,105,3,3,47,62,44,77,48,16,32,21,5.0,15,10,3,1,0.0,4.0,1,2.0,3.0,1.0,0.0,0.0,0.0,,
2010-09-10,8,136,269,156,125,5,4,62,75,39,86,55,11,37,29,3.0,11,0,0,1,0.0,9.0,0,0.0,0.0,0.0,0.0,0.0,0.0,,
2010-09-11,11,102,208,198,109,3,4,52,54,27,57,47,10,44,21,1.0,5,4,2,2,0.0,4.0,1,0.0,3.0,1.0,0.0,0.0,0.0,,
2010-09-12,6,81,241,247,124,1,1,51,55,27,67,66,10,42,22,2.0,21,4,3,1,0.0,3.0,0,0.0,1.0,1.0,0.0,0.0,0.0,,
2010-09-13,10,111,234,161,100,2,3,42,65,39,80,57,9,32,21,1.0,13,5,3,4,0.0,3.0,1,0.0,0.0,1.0,0.0,0.0,0.0,,
2010-09-14,4,129,238,168,105,1,2,44,68,33,100,56,10,43,33,0.0,11,12,5,2,0.0,1.0,0,3.0,0.0,1.0,0.0,0.0,0.0,,
2010-09-15,6,96,215,197,108,8,4,68,71,31,79,73,12,35,28,2.0,16,3,4,1,0.0,0.0,0,0.0,0.0,0.0,0.0,0.0,0.0,,
2010-09-16,5,110,241,151,112,2,0,65,47,36,94,65,13,38,32,1.0,15,6,1,1,0.0,1.0,2,0.0,2.0,0.0,0.0,0.0,0.0,,
2010-09-17,5,141,260,172,131,3,1,48,58,30,89,67,15,43,25,3.0,12,11,2,1,0.0,6.0,0,1.0,0.0,1.0,1.0,0.0,0.0,,
2010-09-18,5,113,193,200,141,9,7,67,72,38,57,68,11,36,14,4.0,5,6,1,0,1.0,3.0,0,1.0,0.0,0.0,0.0,0.0,0.0,,
2010-09-19,5,108,208,213,141,4,6,42,51,18,63,84,11,47,21,4.0,6,2,1,1,0.0,2.0,0,0.0,1.0,0.0,0.0,0.0,0.0,,
2010-09-20,10,127,228,172,98,3,3,58,65,37,97,84,12,33,28,1.0,10,2,3,2,0.0,9.0,0,0.0,0.0,1.0,0.0,0.0,0.0,,
2010-09-21,12,123,259,195,109,4,6,60,75,41,81,60,14,37,31,0.0,9,7,2,2,2.0,4.0,2,0.0,0.0,2.0,0.0,0.0,0.0,,
2010-09-22,3,129,251,185,122,2,4,59,62,38,95,53,13,36,29,5.0,14,7,3,0,1.0,10.0,2,2.0,1.0,0.0,0.0,0.0,0.0,,
2010-09-23,5,125,253,199,92,6,2,47,60,27,80,57,14,41,37,4.0,14,12,4,2,0.0,3.0,0,1.0,1.0,0.0,0.0,0.0,0.0,,
2010-09-24,7,141,238,190,149,6,3,61,56,36,96,57,9,47,30,1.0,11,6,1,1,0.0,0.0,2,2.0,0.0,0.0,0.0,0.0,0.0,,
2010-09-25,3,104,261,208,146,0,3,55,54,31,60,67,8,51,25,1.0,5,3,4,1,0.0,4.0,0,2.0,0.0,0.0,0.0,0.0,0.0,,
2010-09-26,4,98,197,178,138,1,9,51,51,26,73,57,8,41,23,0.0,12,1,1,3,0.0,1.0,0,0.0,1.0,0.0,0.0,0.0,0.0,,
2010-09-27,7,106,233,128,111,4,8,55,57,34,90,46,11,43,18,0.0,10,1,5,0,0.0,1.0,0,1.0,0.0,0.0,0.0,0.0,0.0,,
2010-09-28,4,144,227,174,105,1,3,53,56,42,114,51,10,43,25,1.0,8,9,2,1,0.0,7.0,3,0.0,1.0,0.0,0.0,0.0,0.0,,
2010-09-29,7,146,218,164,96,2,1,51,77,36,92,47,12,55,26,2.0,18,10,2,1,0.0,6.0,0,1.0,0.0,0.0,0.0,0.0,1.0,,
2010-09-30,7,101,209,168,105,3,4,47,66,44,76,62,16,41,21,3.0,15,3,3,1,0.0,4.0,1,1.0,0.0,0.0,0.0,0.0,0.0,,
2010-10-01,16,127,300,195,122,11,11,73,67,51,103,62,9,46,22,3.0,12,1,1,0,0.0,5.0,1,1.0,1.0,1.0,0.0,0.0,0.0,,
2010-10-02,5,79,251,152,97,3,2,56,53,25,62,44,4,38,20,3.0,2,3,0,3,0.0,1.0,0,1.0,0.0,1.0,0.0,0.0,0.0,,
2010-10-03,1,80,198,158,113,2,4,56,51,22,61,55,6,40,26,0.0,5,1,2,2,0.0,1.0,0,0.0,1.0,1.0,0.0,0.0,0.0,,
2010-10-04,2,130,230,132,83,1,5,61,42,32,98,41,12,62,26,0.0,8,4,6,1,0.0,7.0,0,0.0,0.0,2.0,0.0,0.0,0.0,,
2010-10-05,6,149,221,151,117,5,1,55,48,36,88,56,12,45,28,1.0,12,5,1,4,0.0,4.0,0,1.0,0.0,0.0,0.0,0.0,0.0,,
2010-10-06,5,151,237,160,111,3,4,61,72,42,86,56,8,50,31,4.0,12,14,4,2,0.0,7.0,0,2.0,1.0,0.0,0.0,0.0,0.0,,
2010-10-07,12,112,228,159,130,5,1,55,55,36,93,72,8,48,29,1.0,15,2,0,3,0.0,3.0,0,1.0,1.0,1.0,0.0,0.0,0.0,,
2010-10-08,8,109,249,177,139,6,3,74,68,35,109,76,18,52,25,6.0,14,9,0,0,0.0,4.0,0,1.0,1.0,0.0,0.0,0.0,0.0,,
2010-10-09,11,96,215,210,148,4,3,61,69,25,71,55,21,56,23,1.0,14,5,5,1,0.0,2.0,1,0.0,2.0,0.0,0.0,0.0,0.0,,
2010-10-10,7,94,234,234,139,8,5,61,61,30,69,43,6,43,28,2.0,9,8,1,5,0.0,2.0,0,3.0,2.0,1.0,0.0,0.0,0.0,,
2010-10-11,4,126,201,176,96,4,4,57,73,24,75,53,15,56,24,0.0,14,3,2,1,0.0,5.0,0,5.0,0.0,0.0,1.0,0.0,0.0,,
2010-10-12,5,125,222,177,114,2,6,65,85,36,98,51,9,43,28,2.0,17,4,1,0,0.0,4.0,0,0.0,0.0,0.0,1.0,0.0,0.0,,
2010-10-13,5,110,217,169,119,4,2,63,68,28,90,49,6,53,22,1.0,14,8,2,4,0.0,2.0,0,1.0,1.0,1.0,0.0,0.0,0.0,,
2010-10-14,8,100,232,162,112,3,5,49,69,31,87,60,14,43,31,4.0,11,4,4,3,0.0,1.0,1,1.0,2.0,1.0,0.0,0.0,0.0,,
2010-10-15,4,133,264,148,108,5,4,85,65,40,102,72,13,41,39,2.0,9,15,4,1,0.0,2.0,0,0.0,3.0,0.0,1.0,0.0,0.0,,
2010-10-16,5,103,203,191,137,4,3,50,64,28,50,62,6,46,30,3.0,11,9,1,2,0.0,0.0,0,1.0,0.0,0.0,0.0,0.0,1.0,,
2010-10-17,6,94,194,211,124,5,6,63,55,27,48,46,10,47,20,0.0,8,2,3,0,2.0,3.0,1,3.0,0.0,1.0,0.0,0.0,0.0,,
2010-10-18,3,103,229,159,114,1,2,75,52,47,90,57,9,50,19,0.0,9,2,2,0,0.0,5.0,0,2.0,2.0,1.0,0.0,0.0,0.0,,
2010-10-19,6,125,207,158,91,1,2,76,78,37,80,64,8,44,26,3.0,9,5,3,6,0.0,5.0,0,0.0,1.0,0.0,0.0,0.0,0.0,,
2010-10-20,3,131,220,159,114,2,3,58,61,35,94,61,12,43,27,1.0,12,9,2,1,0.0,1.0,1,1.0,1.0,0.0,0.0,0.0,0.0,,
2010-10-21,6,194,229,174,100,3,5,55,47,27,69,60,14,39,24,1.0,8,4,0,2,0.0,3.0,1,1.0,1.0,0.0,0.0,0.0,0.0,,
2010-10-22,7,120,241,158,125,3,3,58,54,32,78,63,16,47,24,4.0,9,14,1,3,0.0,4.0,1,2.0,0.0,0.0,1.0,0.0,0.0,,
2010-10-23,6,101,198,181,136,2,5,62,56,25,56,64,12,46,18,5.0,8,10,2,5,1.0,1.0,0,0.0,1.0,0.0,0.0,0.0,0.0,,
2010-10-24,3,76,180,185,151,5,10,50,56,17,56,47,11,55,23,0.0,10,3,4,0,0.0,2.0,1,1.0,0.0,2.0,0.0,0.0,0.0,,
2010-10-25,11,94,218,174,115,4,6,60,55,32,87,72,12,43,30,0.0,15,2,1,2,0.0,0.0,0,0.0,2.0,0.0,0.0,0.0,0.0,,
2010-10-26,1,129,219,190,102,1,3,55,53,32,101,66,10,63,38,1.0,11,7,3,3,0.0,1.0,0,0.0,2.0,0.0,0.0,0.0,0.0,,
2010-10-27,3,124,204,169,135,3,3,46,68,28,82,52,13,43,26,4.0,8,6,2,1,0.0,2.0,2,1.0,1.0,1.0,0.0,0.0,0.0,,
2010-10-28,8,136,188,158,105,1,4,51,57,36,90,55,9,43,27,1.0,8,6,3,1,0.0,1.0,0,1.0,0.0,0.0,0.0,0.0,0.0,,
2010-10-29,3,126,253,149,129,4,1,60,49,35,83,76,16,49,26,3.0,9,5,4,3,0.0,1.0,1,0.0,0.0,0.0,0.0,0.0,0.0,,
2010-10-30,4,69,246,208,117,3,3,51,38,27,69,49,11,51,19,3.0,10,6,2,2,0.0,2.0,0,2.0,0.0,0.0,0.0,0.0,0.0,,
2010-10-31,6,72,180,230,184,1,4,50,52,25,61,47,7,38,18,2.0,9,2,5,5,0.0,2.0,1,4.0,0.0,0.0,0.0,0.0,0.0,,
2010-11-01,9,121,234,160,131,6,6,90,63,55,76,62,6,51,28,0.0,8,1,1,3,2.0,2.0,0,0.0,2.0,0.0,0.0,0.0,0.0,,1.0
2010-11-02,6,148,229,146,121,4,2,74,50,29,83,53,9,37,31,1.0,9,5,1,0,0.0,2.0,1,1.0,1.0,1.0,0.0,0.0,0.0,,
2010-11-03,3,136,188,149,98,2,4,53,64,27,73,58,10,41,23,5.0,12,15,0,2,0.0,4.0,1,1.0,1.0,2.0,0.0,0.0,0.0,,
2010-11-04,7,125,205,140,105,2,1,34,62,34,83,61,9,37,26,3.0,9,13,1,0,0.0,2.0,0,1.0,0.0,2.0,1.0,0.0,0.0,,
2010-11-05,8,126,220,134,115,2,1,60,43,29,91,74,11,43,25,0.0,11,8,5,0,0.0,0.0,1,1.0,0.0,2.0,0.0,0.0,0.0,,
2010-11-06,5,108,199,175,126,2,4,47,52,24,55,48,11,39,19,4.0,6,4,3,1,0.0,2.0,0,1.0,1.0,0.0,0.0,0.0,0.0,,
2010-11-07,8,89,187,216,138,0,1,48,50,18,55,48,6,47,23,0.0,7,0,1,1,0.0,2.0,0,0.0,1.0,0.0,0.0,0.0,0.0,,
2010-11-08,5,119,219,171,119,3,2,53,61,32,103,54,10,50,30,2.0,10,4,2,0,0.0,1.0,0,2.0,0.0,2.0,0.0,0.0,0.0,,
2010-11-09,2,120,218,196,126,6,4,79,67,29,92,53,13,47,32,4.0,15,9,5,0,0.0,1.0,1,0.0,2.0,0.0,0.0,0.0,0.0,,
2010-11-10,8,136,237,165,132,3,2,64,69,31,84,53,7,45,29,4.0,18,11,1,2,0.0,2.0,1,3.0,1.0,0.0,0.0,0.0,0.0,,
2010-11-11,8,141,210,147,122,3,3,60,50,30,87,64,13,57,25,3.0,6,7,2,1,1.0,4.0,0,1.0,0.0,0.0,0.0,0.0,0.0,,
2010-11-12,9,121,246,149,134,1,2,60,51,39,76,59,10,38,28,3.0,10,9,1,4,0.0,3.0,1,2.0,1.0,0.0,0.0,0.0,0.0,,
2010-11-13,7,92,191,144,148,2,2,43,44,33,71,65,4,52,22,1.0,9,3,6,5,0.0,0.0,0,3.0,0.0,0.0,0.0,0.0,0.0,,
2010-11-14,6,88,171,183,107,2,3,67,55,20,61,60,9,30,24,2.0,3,4,2,1,0.0,0.0,0,1.0,0.0,0.0,0.0,0.0,0.0,,
2010-11-15,5,113,234,146,101,8,1,67,63,37,98,67,5,44,21,1.0,10,4,1,2,0.0,1.0,1,0.0,1.0,1.0,0.0,0.0,0.0,,
2010-11-16,5,113,206,137,98,0,0,43,52,31,92,60,7,40,23,0.0,14,12,2,2,0.0,0.0,1,0.0,1.0,0.0,2.0,0.0,0.0,,
2010-11-17,2,111,193,134,99,2,1,61,64,38,73,48,13,29,23,1.0,13,16,0,2,0.0,2.0,1,0.0,2.0,0.0,0.0,0.0,0.0,,
2010-11-18,8,121,200,137,98,2,4,45,47,29,99,60,6,40,20,2.0,5,10,1,0,0.0,0.0,2,0.0,4.0,0.0,0.0,0.0,0.0,,
2010-11-19,10,146,232,154,114,2,2,68,66,32,95,59,6,52,30,3.0,10,11,2,0,0.0,1.0,0,0.0,0.0,0.0,0.0,0.0,0.0,,
2010-11-20,10,79,214,163,139,2,0,52,44,15,83,62,6,47,19,0.0,8,2,0,2,1.0,3.0,2,0.0,0.0,0.0,0.0,0.0,0.0,,
2010-11-21,10,110,175,183,105,1,3,40,48,21,56,68,11,44,22,2.0,8,1,2,1,0.0,0.0,0,1.0,0.0,1.0,0.0,0.0,0.0,,
2010-11-22,10,96,194,132,84,3,2,53,57,31,101,58,9,38,24,0.0,5,2,2,0,0.0,0.0,0,2.0,3.0,0.0,0.0,0.0,0.0,,
2010-11-23,5,117,191,149,103,0,2,48,52,34,87,48,9,39,28,2.0,5,9,1,1,0.0,0.0,1,1.0,0.0,0.0,0.0,0.0,0.0,,
2010-11-24,5,109,201,125,86,4,6,34,54,37,124,55,9,44,28,2.0,11,9,3,0,0.0,0.0,0,1.0,0.0,0.0,0.0,0.0,0.0,,
2010-11-25,14,43,126,154,89,2,4,32,29,7,68,46,4,19,8,1.0,4,13,1,0,1.0,0.0,0,2.0,0.0,0.0,0.0,0.0,0.0,,
2010-11-26,7,104,185,133,113,0,5,36,32,30,59,68,9,45,25,0.0,6,7,2,0,0.0,0.0,0,2.0,0.0,0.0,0.0,0.0,0.0,,
2010-11-27,4,111,176,158,95,1,3,41,42,24,59,49,11,34,28,2.0,4,7,2,0,0.0,2.0,0,1.0,0.0,0.0,0.0,0.0,0.0,,
2010-11-28,5,79,195,175,109,1,7,37,41,25,37,73,5,56,27,4.0,3,1,6,1,0.0,0.0,2,1.0,0.0,1.0,0.0,1.0,0.0,,
2010-11-29,5,84,208,141,87,2,2,59,52,30,100,57,1,44,26,1.0,6,6,1,1,0.0,0.0,3,1.0,0.0,0.0,0.0,,0.0,,
2010-11-30,3,94,204,153,69,1,3,54,42,31,94,57,6,37,27,0.0,6,2,1,1,0.0,0.0,0,4.0,2.0,0.0,0.0,,0.0,,
2010-12-01,19,73,229,135,82,4,6,67,52,63,71,55,8,52,14,0.0,8,5,1,2,1.0,1.0,1,0.0,0.0,0.0,0.0,,0.0,,
2010-12-02,4,148,188,142,101,3,3,54,48,34,75,64,5,47,25,1.0,12,11,0,4,0.0,0.0,1,3.0,1.0,0.0,0.0,,0.0,,
2010-12-03,8,133,197,130,81,3,1,50,38,29,85,81,7,40,20,0.0,6,15,3,0,0.0,0.0,0,0.0,1.0,1.0,0.0,,0.0,,
2010-12-04,9,102,179,154,80,4,3,27,44,60,49,70,5,32,23,1.0,8,5,3,0,0.0,0.0,0,0.0,0.0,0.0,0.0,,0.0,,
2010-12-05,8,83,143,140,75,3,7,57,45,28,48,56,2,34,26,0.0,2,4,1,0,0.0,0.0,2,1.0,1.0,0.0,1.0,,0.0,,
2010-12-06,6,98,154,113,52,0,3,59,42,39,64,71,10,30,20,2.0,2,1,2,0,0.0,2.0,1,1.0,1.0,1.0,0.0,,0.0,,
2010-12-07,5,107,202,140,66,1,2,59,45,41,72,66,8,35,24,0.0,7,3,1,0,0.0,0.0,2,1.0,0.0,0.0,0.0,,0.0,,
2010-12-08,7,102,166,103,82,2,4,54,43,37,78,44,2,38,23,0.0,6,7,3,1,0.0,0.0,1,0.0,0.0,0.0,0.0,,0.0,,
2010-12-09,8,95,198,135,66,3,2,51,40,32,69,67,7,39,21,1.0,4,11,1,1,0.0,0.0,2,1.0,0.0,0.0,0.0,,0.0,,
2010-12-10,6,95,218,170,82,2,1,57,45,42,82,65,10,37,23,0.0,15,7,1,2,0.0,0.0,1,0.0,0.0,0.0,0.0,,0.0,,
2010-12-11,4,74,179,142,96,2,4,37,33,41,61,52,7,32,27,3.0,2,10,2,0,0.0,0.0,0,3.0,1.0,0.0,0.0,,0.0,,
2010-12-12,11,60,146,148,71,4,1,46,28,18,37,48,2,34,8,0.0,6,1,0,1,0.0,0.0,0,0.0,0.0,0.0,0.0,,0.0,,
2010-12-13,5,86,149,103,61,1,2,28,40,41,84,48,6,37,23,0.0,7,4,1,0,0.0,0.0,0,2.0,1.0,1.0,0.0,,0.0,,
2010-12-14,4,104,181,115,63,1,1,55,41,39,74,56,7,34,20,1.0,10,5,1,1,0.0,0.0,0,0.0,1.0,0.0,0.0,,0.0,,
2010-12-15,6,109,188,125,75,3,1,65,48,49,73,83,5,40,18,1.0,8,5,1,1,0.0,2.0,0,0.0,0.0,0.0,0.0,,0.0,,
2010-12-16,2,94,178,149,77,0,1,56,54,34,73,76,5,29,18,0.0,5,5,1,0,0.0,1.0,0,1.0,1.0,0.0,0.0,,0.0,,
2010-12-17,18,100,217,139,77,2,2,49,42,29,86,71,9,30,19,2.0,6,10,2,0,0.0,0.0,0,1.0,0.0,0.0,0.0,,0.0,,
2010-12-18,4,89,171,139,81,2,4,51,47,25,52,57,4,32,26,2.0,3,7,2,2,0.0,0.0,1,0.0,0.0,0.0,0.0,,0.0,,
2010-12-19,7,79,155,144,104,2,3,44,37,20,48,50,0,31,16,0.0,5,2,2,1,0.0,0.0,0,1.0,0.0,0.0,0.0,,0.0,,
2010-12-20,6,78,200,104,73,4,5,54,37,36,82,70,5,53,25,0.0,2,3,2,0,0.0,0.0,0,2.0,0.0,0.0,0.0,,0.0,,
2010-12-21,2,105,184,115,62,1,3,52,41,32,88,52,10,37,20,2.0,5,1,0,1,1.0,1.0,0,0.0,0.0,0.0,0.0,,0.0,,
2010-12-22,3,128,188,128,72,1,0,55,52,29,64,79,5,38,12,1.0,10,13,3,0,1.0,1.0,0,0.0,0.0,1.0,0.0,,0.0,,
2010-12-23,8,96,193,110,86,2,0,50,32,35,93,61,8,45,16,0.0,2,17,2,0,0.0,0.0,0,0.0,0.0,0.0,0.0,,0.0,,
2010-12-24,8,41,152,132,74,2,3,37,27,26,103,53,2,58,9,1.0,3,9,0,2,0.0,0.0,0,0.0,2.0,0.0,0.0,,0.0,,
2010-12-25,6,33,75,137,64,0,4,47,17,5,40,36,2,22,7,1.0,1,0,2,1,0.0,0.0,0,0.0,3.0,0.0,0.0,,0.0,,
2010-12-26,9,59,118,141,53,1,6,40,32,11,45,42,4,27,12,0.0,5,0,2,1,1.0,0.0,1,1.0,0.0,0.0,0.0,,1.0,,
2010-12-27,0,81,143,109,66,1,2,52,38,28,55,48,9,31,22,0.0,1,0,0,0,,0.0,0,1.0,0.0,0.0,0.0,,,,
2010-12-28,3,97,149,122,83,4,2,55,57,33,58,64,1,37,23,1.0,8,12,0,1,,1.0,0,1.0,1.0,0.0,0.0,,,,
2010-12-29,2,99,148,121,82,2,2,53,41,23,64,67,3,50,21,0.0,3,9,2,3,,,0,1.0,0.0,0.0,1.0,,,,
2010-12-30,9,83,186,124,106,2,2,46,45,30,75,68,11,36,12,1.0,5,6,1,0,,,0,2.0,1.0,1.0,,,,,
2010-12-31,5,49,185,149,105,3,6,39,37,33,78,60,5,53,13,,8,1,1,1,,,1,,,,,,,,
